City_ID,City_ID,City,Country,Date,Lat,Lng,Max Temp,Humidity,Cloudiness,Wind Speed,Rain inches(last 3hrs),Snow inches(last 3hrs),Current Description
0,0,Mahebourg,MU,2020-01-05 11:19:04,-20.41,57.7,81.0,83,75,8.05,0.0,0.0,broken clouds
1,1,Hobart,AU,2020-01-05 11:18:10,-42.88,147.33,60.8,55,20,11.41,0.0,0.0,few clouds
2,2,Yellowknife,CA,2020-01-05 11:15:11,62.45,-114.38,-2.0,84,90,13.87,0.0,0.0,light snow
3,3,Avarua,CK,2020-01-05 11:19:05,-21.21,-159.78,77.0,94,100,3.36,0.0,0.0,overcast clouds
4,4,Turukhansk,RU,2020-01-05 11:19:06,65.8,87.96,18.19,94,100,16.42,1.44,0.0,light snow
5,5,Juneau,US,2020-01-05 11:19:06,58.3,-134.42,27.0,85,75,4.7,0.0,0.0,broken clouds
6,6,Faya,SA,2020-01-05 11:19:06,18.39,42.45,68.0,59,40,14.99,0.0,0.0,scattered clouds
7,7,Mataura,NZ,2020-01-05 11:19:06,-46.19,168.86,50.0,77,64,11.01,0.0,0.31,light rain
8,8,Kavieng,PG,2020-01-05 11:19:07,-2.57,150.8,84.88,73,65,11.1,0.0,3.5,moderate rain
9,9,Ponta Do Sol,BR,2020-01-05 11:19:07,-20.63,-46.0,73.44,81,46,4.88,0.0,0.0,scattered clouds
10,10,Ushuaia,AR,2020-01-05 11:19:08,-54.81,-68.31,53.6,54,40,23.04,0.0,0.0,scattered clouds
11,11,Arraial Do Cabo,BR,2020-01-05 11:19:08,-22.97,-42.02,77.0,88,40,4.7,0.0,0.0,scattered clouds
12,12,Busselton,AU,2020-01-05 11:19:08,-33.64,115.35,77.0,13,32,14.41,0.0,0.0,scattered clouds
13,13,Vaini,IN,2020-01-05 11:19:08,15.34,74.49,82.4,42,40,6.93,0.0,0.0,scattered clouds
14,14,Fare,PF,2020-01-05 11:19:09,-16.7,-151.02,81.01,78,24,10.71,0.0,0.0,few clouds
15,15,Sterling,US,2020-01-05 11:19:09,39.0,-77.4,41.0,52,90,11.41,0.0,0.0,overcast clouds
16,16,Makakilo City,US,2020-01-05 11:14:21,21.35,-158.09,75.99,83,40,4.7,0.0,0.0,moderate rain
17,17,Saldanha,PT,2020-01-05 11:19:09,41.42,-6.55,46.56,60,0,5.44,0.0,0.0,clear sky
18,18,Bredasdorp,ZA,2020-01-05 11:19:10,-34.53,20.04,80.6,47,100,24.16,0.0,0.0,overcast clouds
19,19,Vagur,FO,2020-01-05 11:19:10,61.47,-6.81,46.29,82,50,25.81,0.0,0.0,scattered clouds
20,20,Srednekolymsk,RU,2020-01-05 11:19:10,67.46,153.71,-1.68,64,77,2.1,0.0,0.0,broken clouds
21,21,Bluff,AU,2020-01-05 11:19:10,-23.58,149.07,77.04,55,44,14.34,0.0,0.0,scattered clouds
22,22,Kaliua,TZ,2020-01-05 11:19:11,-5.06,31.79,84.24,57,90,1.68,0.0,3.12,moderate rain
23,23,Cidreira,BR,2020-01-05 11:19:11,-30.17,-50.22,72.64,80,4,12.84,0.0,0.0,clear sky
24,24,Sabaudia,IT,2020-01-05 11:19:11,41.3,13.03,60.01,66,0,9.17,0.0,0.0,clear sky
25,25,Kapaa,US,2020-01-05 11:19:11,22.08,-159.32,75.2,88,90,20.8,0.0,0.0,overcast clouds
26,26,Thompson,CA,2020-01-05 11:19:12,55.74,-97.86,6.8,84,90,5.82,0.0,0.0,light snow
27,27,Basco,US,2020-01-05 11:19:12,40.33,-91.2,36.0,86,1,9.17,0.0,0.0,clear sky
28,28,Atuona,PF,2020-01-05 11:19:12,-9.8,-139.03,79.92,71,3,5.37,0.0,0.31,light rain
29,29,New Norfolk,AU,2020-01-05 11:19:12,-42.78,147.06,60.8,55,20,11.41,0.0,0.0,few clouds
30,30,College,US,2020-01-05 11:19:13,64.86,-147.8,-18.0,73,1,2.24,0.0,0.0,clear sky
31,31,Narsaq,GL,2020-01-05 11:19:13,60.91,-46.05,24.8,68,83,5.82,0.0,0.0,broken clouds
32,32,Chapais,CA,2020-01-05 11:19:13,49.78,-74.86,5.0,84,90,8.05,0.0,0.0,light snow
33,33,Mabay,CU,2020-01-05 11:19:13,20.35,-76.78,68.0,100,41,3.36,0.0,0.0,fog
34,34,Rikitea,PF,2020-01-05 11:19:14,-23.12,-134.97,75.6,74,37,14.05,0.0,0.0,scattered clouds
35,35,Georgetown,GY,2020-01-05 11:16:09,6.8,-58.16,78.8,83,40,2.24,0.0,0.0,scattered clouds
36,36,Norsup,VU,2020-01-05 11:19:14,-16.07,167.38,81.19,79,8,14.63,0.0,0.0,clear sky
37,37,Hithadhoo,MV,2020-01-05 11:19:14,-0.6,73.08,84.79,69,67,8.77,0.0,2.94,light rain
38,38,Cupertino,US,2020-01-05 11:14:27,37.32,-122.03,50.0,93,20,6.93,0.0,0.0,light rain
39,39,Parczew,PL,2020-01-05 11:19:15,51.64,22.9,35.6,80,75,12.75,0.0,0.0,broken clouds
40,40,Port Elizabeth,US,2020-01-05 11:19:15,39.31,-74.98,41.0,55,90,17.22,0.0,0.0,overcast clouds
41,41,Chuy,UY,2020-01-05 11:19:15,-33.69,-53.46,73.22,66,0,6.89,0.0,0.0,clear sky
42,42,Cape Town,ZA,2020-01-05 11:15:01,-33.93,18.42,75.99,53,40,18.34,0.0,0.0,scattered clouds
43,43,Cabo San Lucas,MX,2020-01-05 11:17:16,22.89,-109.91,61.0,59,4,3.0,0.0,0.0,clear sky
44,44,Castro,CL,2020-01-05 11:19:16,-42.48,-73.76,50.0,100,90,6.93,0.0,0.0,overcast clouds
45,45,Sitka,US,2020-01-05 11:19:17,37.17,-99.65,44.01,53,28,18.99,0.0,0.0,scattered clouds
46,46,Seoul,KR,2020-01-05 11:16:36,37.57,126.98,37.4,31,88,3.36,0.0,0.0,overcast clouds
47,47,Inverell,AU,2020-01-05 11:19:17,-29.78,151.11,78.01,46,46,3.0,0.0,0.0,scattered clouds
48,48,Souillac,FR,2020-01-05 11:19:17,45.6,-0.6,45.0,86,0,5.82,0.0,0.0,clear sky
49,49,Katsuura,JP,2020-01-05 11:19:18,33.93,134.5,46.4,52,40,8.05,0.0,0.0,scattered clouds
50,50,Provideniya,RU,2020-01-05 11:19:18,64.42,-173.23,-9.36,98,94,8.14,0.13,0.0,light snow
51,51,Craig,US,2020-01-05 11:19:18,40.52,-107.55,19.4,77,1,3.36,0.0,0.0,clear sky
52,52,Chivay,PE,2020-01-05 11:19:19,-15.64,-71.6,40.53,74,100,6.35,0.0,0.0,overcast clouds
53,53,Pelym,RU,2020-01-05 11:19:19,61.01,62.0,23.29,87,100,6.98,0.0,0.0,overcast clouds
54,54,Presidencia Roque Saenz Pena,AR,2020-01-05 11:19:19,-26.79,-60.44,83.53,34,17,4.45,0.0,0.0,few clouds
55,55,Nola,CF,2020-01-05 11:19:19,3.52,16.05,100.47,13,18,2.55,0.0,0.0,few clouds
56,56,Tabou,CI,2020-01-05 11:19:20,4.42,-7.36,90.09,27,15,3.2,0.0,0.0,few clouds
57,57,Elko,US,2020-01-05 11:15:47,40.83,-115.76,26.01,79,1,2.71,0.0,0.0,clear sky
58,58,Tasiilaq,GL,2020-01-05 11:19:20,65.61,-37.64,30.2,58,100,10.29,0.0,0.0,overcast clouds
59,59,Sao Filipe,CV,2020-01-05 11:19:21,14.9,-24.5,71.89,64,17,14.7,0.0,0.0,few clouds
60,60,Albany,US,2020-01-05 11:16:07,42.65,-73.75,34.0,63,90,11.41,0.0,0.0,light rain
61,61,Victoria,BN,2020-01-05 11:15:16,5.28,115.24,82.4,83,75,10.29,0.0,0.0,broken clouds
62,62,Lebu,ET,2020-01-05 11:19:21,8.96,38.73,77.0,31,45,6.93,0.0,0.0,scattered clouds
63,63,Jiangyou,CN,2020-01-05 11:19:22,31.78,104.73,39.6,75,99,1.05,0.0,0.0,overcast clouds
64,64,Okhotsk,RU,2020-01-05 11:19:22,59.36,143.24,8.78,80,88,11.97,0.0,0.0,overcast clouds
65,65,Sobolevo,RU,2020-01-05 11:19:22,54.43,31.9,31.95,79,11,8.01,0.0,0.0,few clouds
66,66,Salinopolis,BR,2020-01-05 11:19:22,-0.61,-47.36,79.86,79,100,5.97,0.0,6.44,moderate rain
67,67,Sambava,MG,2020-01-05 11:19:23,-14.27,50.17,79.14,94,100,1.81,0.0,7.5,moderate rain
68,68,Riyadh,SA,2020-01-05 11:14:41,24.63,46.72,55.4,87,90,6.93,0.0,0.0,overcast clouds
69,69,Luanda,AO,2020-01-05 11:19:23,-8.83,13.24,89.6,52,40,6.93,0.0,0.0,scattered clouds
70,70,Vila Franca Do Campo,PT,2020-01-05 11:19:23,37.72,-25.43,64.4,82,20,11.41,0.0,0.0,few clouds
71,71,Olga,US,2020-01-05 11:19:24,34.11,-118.17,53.6,81,1,0.83,0.0,0.0,clear sky
72,72,Puerto Ayora,EC,2020-01-05 11:19:24,-0.74,-90.35,75.0,83,74,1.99,0.0,0.0,broken clouds
73,73,San Patricio,PY,2020-01-05 11:19:24,-26.98,-56.83,84.83,51,0,3.0,0.0,0.0,clear sky
74,74,Kaitangata,NZ,2020-01-05 11:19:24,-46.28,169.85,53.01,51,47,27.0,0.0,0.0,scattered clouds
75,75,Norman Wells,CA,2020-01-05 11:19:25,65.28,-126.83,-20.2,75,75,8.05,0.0,0.0,light snow
76,76,Kalachinsk,RU,2020-01-05 11:19:25,55.05,74.58,16.03,94,96,9.31,0.0,0.0,overcast clouds
77,77,Santa Maria,BR,2020-01-05 11:14:45,-16.02,-48.01,68.0,94,75,1.12,0.0,0.0,light rain
78,78,Champerico,MX,2020-01-05 11:19:25,16.38,-93.6,59.36,87,99,5.28,0.0,0.13,light rain
79,79,Jamestown,AU,2020-01-05 11:19:26,-33.21,138.6,54.57,88,100,11.52,0.0,0.88,light rain
80,80,Cockburn Town,TC,2020-01-05 11:16:18,21.46,-71.14,76.64,67,18,5.7,0.0,0.0,few clouds
81,81,Saint-Philippe,CA,2020-01-05 11:19:26,45.36,-73.48,28.99,73,90,10.29,0.0,0.0,light snow
82,82,Biltine,TD,2020-01-05 11:19:27,14.53,20.93,84.51,15,13,3.44,0.0,0.0,few clouds
83,83,Yerbogachen,RU,2020-01-05 11:19:27,61.28,108.01,13.62,92,100,14.0,0.56,0.0,light snow
84,84,San Jeronimo,PE,2020-01-05 11:19:27,-13.65,-73.37,53.69,74,98,3.18,0.0,0.0,overcast clouds
85,85,Qeshm,IR,2020-01-05 11:14:28,26.96,56.27,77.0,77,90,4.7,0.0,0.0,haze
86,86,Dikson,RU,2020-01-05 11:19:28,73.51,80.55,12.47,88,100,22.77,0.5,0.0,light snow
87,87,Gainesville,US,2020-01-05 11:15:02,29.65,-82.33,46.99,56,1,9.17,0.0,0.0,clear sky
88,88,Shimoda,JP,2020-01-05 11:19:29,34.7,138.93,42.8,45,20,10.29,0.0,0.0,few clouds
89,89,Caravelas,BR,2020-01-05 11:19:29,-17.73,-39.27,82.76,65,100,12.06,0.0,0.0,overcast clouds
90,90,Bagdarin,RU,2020-01-05 11:19:29,54.44,113.59,2.71,85,42,4.45,0.0,0.0,scattered clouds
91,91,Galle,GN,2020-01-05 11:19:29,10.08,-12.83,86.83,19,0,3.69,0.0,0.0,clear sky
92,92,Garissa,KE,2020-01-05 11:19:30,-0.46,39.64,91.56,40,97,3.98,0.0,0.0,overcast clouds
93,93,Upernavik,GL,2020-01-05 11:19:30,72.79,-56.15,-35.45,92,62,11.32,0.0,0.0,broken clouds
94,94,Jardim,BR,2020-01-05 11:19:30,-21.48,-56.15,81.79,63,0,4.29,0.0,0.0,clear sky
95,95,Kruisfontein,ZA,2020-01-05 11:19:30,-34.0,24.73,74.8,56,41,19.57,0.0,0.0,scattered clouds
96,96,Regina,CA,2020-01-05 11:16:14,50.45,-104.62,25.0,73,5,20.8,0.0,0.0,clear sky
97,97,Clyde River,CA,2020-01-05 11:19:31,70.47,-68.59,-29.2,66,90,5.82,0.0,0.0,haze
98,98,Hamilton,CA,2020-01-05 11:19:31,43.26,-79.87,34.0,79,75,12.75,0.0,0.0,broken clouds
99,99,Lahij,YE,2020-01-05 11:19:31,13.06,44.88,82.45,57,46,10.74,0.0,0.0,scattered clouds
100,100,Chor,PK,2020-01-05 11:19:31,25.52,69.77,78.13,21,0,5.5,0.0,0.0,clear sky
101,101,Nikolskoye,RU,2020-01-05 11:19:32,59.7,30.79,30.2,68,75,17.9,0.0,0.0,broken clouds
102,102,Punta Arenas,CL,2020-01-05 11:15:25,-53.16,-70.91,48.2,87,75,12.75,0.0,0.0,light rain
103,103,Kurumkan,RU,2020-01-05 11:19:32,54.33,110.32,2.73,84,16,2.19,0.0,0.0,few clouds
104,104,Salalah,OM,2020-01-05 11:19:32,17.01,54.1,80.6,65,75,13.87,0.0,0.0,broken clouds
105,105,Rio Grande,BR,2020-01-05 11:19:33,-32.03,-52.1,73.4,78,0,7.2,0.0,0.0,clear sky
106,106,Barrow,AR,2020-01-05 11:19:33,-38.31,-60.23,65.3,88,98,6.42,0.0,0.0,overcast clouds
107,107,Los Llanos De Aridane,ES,2020-01-05 11:19:33,28.66,-17.92,69.8,56,40,10.29,0.0,0.0,scattered clouds
108,108,Constitucion,MX,2020-01-05 11:19:33,23.99,-104.67,36.0,85,5,1.3,0.0,0.0,clear sky
109,109,Ambilobe,MG,2020-01-05 11:19:34,-13.19,49.05,85.64,70,100,10.45,0.0,0.0,overcast clouds
110,110,Fairbanks,US,2020-01-05 11:19:34,64.84,-147.72,-18.0,73,1,0.74,0.0,0.0,clear sky
111,111,Nanortalik,GL,2020-01-05 11:19:34,60.14,-45.24,29.16,75,76,22.64,0.0,0.0,broken clouds
112,112,Vostok,RU,2020-01-05 11:19:34,46.45,135.83,-5.8,98,100,4.97,0.0,0.0,overcast clouds
113,113,Khani,GE,2020-01-05 11:19:34,41.96,42.96,51.8,53,0,2.24,0.0,0.0,clear sky
114,114,Manhush,UA,2020-01-05 11:19:35,47.06,37.31,37.62,96,100,6.87,0.0,0.37,light rain
115,115,Mehamn,NO,2020-01-05 11:19:35,71.03,27.85,25.23,83,100,15.64,1.31,0.0,light snow
116,116,Tiksi,RU,2020-01-05 11:19:35,71.64,128.87,-15.83,87,79,10.67,0.0,0.0,broken clouds
117,117,Khatanga,RU,2020-01-05 11:19:35,71.98,102.47,-17.86,89,0,9.89,0.0,0.0,clear sky
118,118,Ahipara,NZ,2020-01-05 11:19:36,-35.17,173.16,64.0,100,80,18.23,0.0,0.13,light rain
119,119,Lavrentiya,RU,2020-01-05 11:19:36,65.58,-170.99,-9.83,87,100,10.16,0.0,0.0,overcast clouds
120,120,Talnakh,RU,2020-01-05 11:19:36,69.49,88.39,14.0,92,90,33.55,0.0,0.0,overcast clouds
121,121,East London,ZA,2020-01-05 11:19:37,-33.02,27.91,71.6,83,75,19.46,0.0,0.0,broken clouds
122,122,Haradok,BY,2020-01-05 11:19:37,55.46,29.99,32.0,66,75,6.71,0.0,0.0,broken clouds
123,123,Hilo,US,2020-01-05 11:19:37,19.71,-155.08,71.6,83,75,8.05,0.0,0.0,broken clouds
124,124,Maceio,BR,2020-01-05 11:19:37,-9.67,-35.74,80.6,74,75,9.17,0.0,0.0,broken clouds
125,125,Dombarovskiy,RU,2020-01-05 11:19:37,50.76,59.54,15.58,95,41,6.15,0.0,0.0,scattered clouds
126,126,Mar Del Plata,AR,2020-01-05 11:18:20,-46.43,-67.52,59.58,39,93,27.81,0.0,0.0,overcast clouds
127,127,Pontal Do Parana,BR,2020-01-05 11:19:38,-25.67,-48.51,75.0,77,75,5.82,0.0,0.0,broken clouds
128,128,Saint-Pierre,FR,2020-01-05 11:19:38,48.95,4.24,45.0,87,0,2.24,0.0,0.0,clear sky
129,129,Ruteng,ID,2020-01-05 11:19:38,-8.61,120.46,69.69,98,99,2.46,0.0,0.56,light rain
130,130,Maniitsoq,GL,2020-01-05 11:18:03,65.42,-52.9,16.3,75,100,13.15,0.0,0.0,overcast clouds
131,131,Ngunguru,NZ,2020-01-05 11:19:39,-35.62,174.5,63.0,81,19,5.01,0.0,0.0,few clouds
132,132,Huarmey,PE,2020-01-05 11:19:39,-10.07,-78.15,69.4,79,100,1.52,0.0,0.0,overcast clouds
133,133,Rocha,UY,2020-01-05 11:19:26,-34.48,-54.34,74.75,55,0,10.89,0.0,0.0,clear sky
134,134,Mount Pleasant,US,2020-01-05 11:18:43,33.16,-94.97,46.4,75,1,3.36,0.0,0.0,clear sky
135,135,Sakaiminato,JP,2020-01-05 11:19:40,35.55,133.23,42.8,81,75,2.24,0.0,0.0,broken clouds
136,136,Samarai,PG,2020-01-05 11:19:40,-10.62,150.67,78.46,86,99,2.33,0.0,0.69,light rain
137,137,Aksarka,RU,2020-01-05 11:19:40,66.56,67.8,20.37,82,0,19.26,0.0,0.0,clear sky
138,138,Quesnel,CA,2020-01-05 11:19:41,52.98,-122.49,30.2,63,75,8.05,0.0,0.0,broken clouds
139,139,Flin Flon,CA,2020-01-05 11:19:41,54.77,-101.88,9.55,91,100,10.45,0.0,0.0,overcast clouds
140,140,Sechura,PE,2020-01-05 11:19:41,-5.56,-80.82,70.72,86,93,6.67,0.0,0.0,overcast clouds
141,141,Tecoanapa,MX,2020-01-05 11:19:41,16.99,-99.26,73.4,94,5,2.98,0.0,0.0,clear sky
142,142,Leningradskiy,RU,2020-01-05 11:19:42,69.38,178.42,-10.95,56,0,3.2,0.0,0.0,clear sky
143,143,Saskylakh,RU,2020-01-05 11:19:42,71.97,114.09,-21.75,95,30,10.07,0.0,0.0,scattered clouds
144,144,Linxia,CN,2020-01-05 11:19:42,35.6,103.21,24.01,65,93,2.21,0.0,0.0,overcast clouds
145,145,Hirara,JP,2020-01-05 11:19:43,24.8,125.28,69.8,73,75,11.41,0.0,0.0,broken clouds
146,146,Necochea,AR,2020-01-05 11:18:59,-38.55,-58.74,64.31,92,99,8.75,0.0,0.19,light rain
147,147,Bonavista,CA,2020-01-05 11:19:43,48.65,-53.11,26.4,79,67,2.73,0.0,0.0,broken clouds
148,148,Palmer,AU,2020-01-05 11:19:43,-34.85,139.16,62.6,51,100,8.05,0.0,0.56,light rain
149,149,Zhigansk,RU,2020-01-05 11:19:44,66.77,123.37,-14.28,94,100,12.01,0.0,0.0,overcast clouds
150,150,Pisco,PE,2020-01-05 11:19:44,-13.71,-76.2,68.0,94,75,6.93,0.0,0.0,mist
151,151,Kuminskiy,RU,2020-01-05 11:19:44,58.67,66.57,21.76,94,56,7.31,0.0,0.0,broken clouds
152,152,Havelock,US,2020-01-05 11:19:19,34.88,-76.9,43.0,52,1,13.87,0.0,0.0,clear sky
153,153,Saint George,GR,2020-01-05 11:19:45,39.45,22.34,46.99,61,75,16.11,0.0,0.0,broken clouds
154,154,Behbahan,IR,2020-01-05 11:19:45,30.59,50.24,68.0,37,20,18.34,0.0,0.0,few clouds
155,155,Bubaque,GW,2020-01-05 11:19:45,11.28,-15.83,74.73,42,1,15.08,0.0,0.0,clear sky
156,156,Labuhan,ID,2020-01-05 11:19:45,-2.54,115.51,77.4,85,91,1.7,0.0,0.0,overcast clouds
157,157,Tuktoyaktuk,CA,2020-01-05 11:19:46,69.44,-133.03,-24.74,89,66,6.6,0.0,0.0,broken clouds
158,158,Margate,AU,2020-01-05 11:19:46,-43.03,147.26,59.0,62,20,10.29,0.0,0.0,few clouds
159,159,Qaanaaq,GL,2020-01-05 11:19:46,77.48,-69.36,-34.37,55,0,7.72,0.0,0.0,clear sky
160,160,Isangel,VU,2020-01-05 11:19:46,-19.55,169.27,76.5,83,54,18.59,0.0,0.69,light rain
161,161,Ketchikan,US,2020-01-05 11:19:47,55.34,-131.65,35.6,86,75,4.7,0.0,0.0,broken clouds
162,162,Kodiak,US,2020-01-05 11:19:47,39.95,-94.76,39.0,59,1,10.29,0.0,0.0,clear sky
163,163,Kedrovyy,RU,2020-01-05 11:19:47,56.17,91.82,26.6,79,40,11.18,0.0,0.0,light shower snow
164,164,Plouzane,FR,2020-01-05 11:19:47,48.38,-4.62,46.4,75,90,8.05,0.0,0.0,overcast clouds
165,165,Itoman,JP,2020-01-05 11:19:48,26.12,127.67,66.2,59,20,10.29,0.0,0.0,few clouds
166,166,Paamiut,GL,2020-01-05 11:19:48,61.99,-49.67,22.08,73,94,5.79,0.0,0.0,overcast clouds
167,167,Masterton,NZ,2020-01-05 11:19:49,-40.95,175.66,62.01,88,68,8.37,0.0,0.06,broken clouds
168,168,Butaritari,KI,2020-01-05 11:19:49,3.07,172.79,85.1,76,100,13.94,0.0,3.63,moderate rain
169,169,Airai,TL,2020-01-05 11:19:50,-8.93,125.41,68.63,91,88,4.5,0.0,0.69,light rain
170,170,Carnarvon,ZA,2020-01-05 11:19:50,-30.97,22.13,92.53,8,26,18.48,0.0,0.0,scattered clouds
171,171,Aklavik,CA,2020-01-05 11:19:50,68.22,-135.01,-23.8,67,90,2.24,0.0,0.0,light snow
172,172,Ust-Kalmanka,RU,2020-01-05 11:19:50,52.12,83.31,20.19,80,98,2.75,0.0,0.0,overcast clouds
173,173,Torbay,CA,2020-01-05 11:19:51,47.66,-52.73,30.99,92,90,3.36,0.0,0.0,overcast clouds
174,174,Ribeira Grande,PT,2020-01-05 11:19:51,38.52,-28.7,64.4,88,75,17.22,0.0,0.0,broken clouds
175,175,Sabha,LY,2020-01-05 11:19:42,27.03,14.43,58.19,26,0,5.53,0.0,0.0,clear sky
176,176,Hermanus,ZA,2020-01-05 11:19:51,-34.42,19.24,75.99,58,100,11.01,0.0,0.0,overcast clouds
177,177,Payakumbuh,ID,2020-01-05 11:19:51,-0.23,100.63,69.64,93,24,1.25,0.0,0.81,light rain
178,178,Dawei,MM,2020-01-05 11:19:52,14.07,98.19,81.36,75,0,8.86,0.0,0.0,clear sky
179,179,Esperance,AU,2020-01-05 11:19:52,-33.86,121.89,75.2,38,13,11.41,0.0,0.0,few clouds
180,180,Ancud,CL,2020-01-05 11:19:52,-41.87,-73.83,50.0,100,90,6.93,0.0,0.0,overcast clouds
181,181,Ilulissat,GL,2020-01-05 11:19:53,69.22,-51.1,12.2,85,100,25.28,0.31,0.0,light snow
182,182,Port Alfred,ZA,2020-01-05 11:19:53,-33.59,26.89,73.99,81,71,7.0,0.0,0.0,broken clouds
183,183,Ban Nahin,LA,2020-01-05 11:19:53,18.24,104.21,77.18,50,0,4.16,0.0,0.0,clear sky
184,184,Bilma,NE,2020-01-05 11:19:53,18.69,12.92,65.39,22,0,5.95,0.0,0.0,clear sky
185,185,Colares,PT,2020-01-05 11:19:54,38.8,-9.45,55.0,66,0,8.05,0.0,0.0,clear sky
186,186,Nouadhibou,MR,2020-01-05 11:19:54,20.93,-17.03,62.6,29,45,21.92,0.0,0.0,scattered clouds
187,187,Belaya Gora,RU,2020-01-05 11:19:54,68.54,146.19,-20.67,93,8,0.72,0.0,0.0,clear sky
188,188,Crotone,IT,2020-01-05 11:19:54,39.09,17.12,55.4,58,20,18.34,0.0,0.0,few clouds
189,189,Marsabit,KE,2020-01-05 11:19:55,2.34,37.99,86.38,42,78,13.91,0.0,0.0,broken clouds
190,190,Saint-Leu,RE,2020-01-05 11:19:55,-21.15,55.28,77.0,83,92,3.36,0.0,0.0,light rain
191,191,Gushi,CN,2020-01-05 11:19:55,32.17,115.65,46.11,97,100,7.34,0.0,2.31,light rain
192,192,Alghero,IT,2020-01-05 11:16:17,40.56,8.32,57.99,67,18,10.29,0.0,0.0,few clouds
193,193,Port Lincoln,AU,2020-01-05 11:19:56,-34.72,135.86,61.03,76,68,13.62,0.0,0.0,broken clouds
194,194,Cayenne,GF,2020-01-05 11:19:56,4.94,-52.33,77.0,94,75,3.36,0.0,0.0,broken clouds
195,195,Taitung,TW,2020-01-05 11:19:56,22.76,121.15,66.2,93,75,4.7,0.0,0.0,broken clouds
196,196,Kaeo,NZ,2020-01-05 11:19:56,-35.1,173.78,64.0,100,51,17.29,0.0,0.0,broken clouds
197,197,Yakeshi,CN,2020-01-05 11:19:57,49.28,120.73,4.5,85,59,3.31,0.0,0.0,broken clouds
198,198,Gizo,IL,2020-01-05 11:19:57,31.8,34.94,62.01,67,75,20.8,0.0,0.0,broken clouds
199,199,Bundibugyo,UG,2020-01-05 11:19:57,0.71,30.06,59.88,88,60,4.72,0.0,2.88,light rain
200,200,Luleburgaz,TR,2020-01-05 11:19:57,41.4,27.36,45.0,75,75,16.11,0.0,0.0,broken clouds
201,201,Lagoa,PT,2020-01-05 11:19:58,37.14,-8.45,57.99,67,20,9.17,0.0,0.0,few clouds
202,202,Silver City,US,2020-01-05 11:19:58,32.77,-108.28,30.2,63,1,12.75,0.0,0.0,clear sky
203,203,Nome,US,2020-01-05 11:19:58,30.04,-94.42,46.4,93,1,4.12,0.0,0.0,clear sky
204,204,Atyrau,KZ,2020-01-05 11:19:58,47.1,51.92,30.2,86,97,6.71,0.0,0.0,mist
205,205,Redcliffe,AU,2020-01-05 11:19:59,-31.94,115.94,82.4,30,0,16.11,0.0,0.0,clear sky
206,206,Chihuahua,MX,2020-01-05 11:17:18,28.66,-106.08,35.01,62,0,3.91,0.0,0.0,clear sky
207,207,Booue,GA,2020-01-05 11:19:59,-0.09,11.94,89.4,54,56,2.26,0.0,0.75,light rain
208,208,Matasaru,RO,2020-01-05 11:19:59,44.72,25.42,42.01,86,40,4.7,0.0,0.0,scattered clouds
209,209,Wajima,JP,2020-01-05 11:20:00,37.4,136.9,35.6,74,75,2.24,0.0,0.0,light shower snow
210,210,Lincoln,GB,2020-01-05 11:20:00,53.23,-0.54,48.0,87,75,9.17,0.0,0.0,broken clouds
211,211,Guerrero Negro,MX,2020-01-05 11:20:00,27.97,-114.04,56.26,68,0,2.26,0.0,0.0,clear sky
212,212,Barentu,ER,2020-01-05 11:20:01,15.11,37.59,83.93,35,13,10.83,0.0,0.0,few clouds
213,213,Diamantino,BR,2020-01-05 11:20:01,-14.4,-56.44,77.74,84,55,4.43,0.0,0.25,light rain
214,214,San Felipe,CL,2020-01-05 11:20:01,-32.75,-70.73,59.41,55,0,5.59,0.0,0.0,clear sky
215,215,Vinh,VN,2020-01-05 11:16:22,18.67,105.69,69.4,92,28,3.0,0.0,0.13,light rain
216,216,Yulara,AU,2020-01-05 11:20:02,-25.24,130.99,66.2,88,90,8.05,0.0,0.0,overcast clouds
217,217,Bethel,US,2020-01-05 11:20:02,60.79,-161.76,-13.0,69,20,4.7,0.0,0.0,few clouds
218,218,Burnie,AU,2020-01-05 11:20:02,-41.05,145.91,58.33,61,67,7.99,0.0,0.0,broken clouds
219,219,Dawlatabad,AF,2020-01-05 11:20:02,36.41,64.91,49.41,51,84,11.68,0.0,0.19,light rain
220,220,Azoyu,MX,2020-01-05 11:20:03,16.72,-98.73,72.54,70,87,3.15,0.0,0.0,overcast clouds
221,221,Pevek,RU,2020-01-05 11:20:03,69.7,170.27,-6.74,77,0,4.97,0.0,0.0,clear sky
222,222,Baleshwar,IN,2020-01-05 11:20:03,21.5,86.92,69.98,68,64,4.81,0.0,0.0,broken clouds
223,223,Palmeiras De Goias,BR,2020-01-05 11:20:04,-16.8,-49.93,76.15,81,47,11.41,0.0,0.0,scattered clouds
224,224,Peachland,CA,2020-01-05 11:20:04,49.77,-119.75,39.2,74,90,4.7,0.0,0.0,overcast clouds
225,225,Luderitz,,2020-01-05 11:20:04,-26.65,15.16,62.65,89,0,15.32,0.0,0.0,clear sky
226,226,Sudak,UA,2020-01-05 11:20:04,44.85,34.97,40.5,81,99,3.74,0.0,0.0,overcast clouds
227,227,Cape Girardeau,US,2020-01-05 11:18:02,37.31,-89.52,32.0,92,1,8.05,0.0,0.0,clear sky
228,228,Ranfurly,CA,2020-01-05 11:20:05,53.41,-111.68,14.7,79,0,9.1,0.0,0.0,clear sky
229,229,Atasu,KZ,2020-01-05 11:20:05,48.68,71.64,17.31,77,52,4.7,0.0,0.0,broken clouds
230,230,Dunedin,NZ,2020-01-05 11:19:09,-45.87,170.5,55.99,44,12,14.0,0.0,0.0,few clouds
231,231,Jalingo,NG,2020-01-05 11:20:06,10.3,10.93,81.9,19,0,8.25,0.0,0.0,clear sky
232,232,Faanui,PF,2020-01-05 11:20:06,-16.48,-151.75,80.94,77,48,11.05,0.0,0.0,scattered clouds
233,233,Bambous Virieux,MU,2020-01-05 11:20:06,-20.34,57.76,80.6,83,75,8.05,0.0,0.0,broken clouds
234,234,Savinka,RU,2020-01-05 11:20:06,50.08,47.1,32.18,87,93,8.61,0.0,0.0,overcast clouds
235,235,Port Macquarie,AU,2020-01-05 11:17:07,-31.43,152.91,75.2,73,90,14.99,0.0,0.0,overcast clouds
236,236,Touba,SN,2020-01-05 11:20:07,14.86,-15.88,77.0,27,2,9.17,0.0,0.0,clear sky
237,237,Mildura,AU,2020-01-05 11:20:07,-34.18,142.16,57.2,87,100,8.05,0.0,0.0,overcast clouds
238,238,Muli,CN,2020-01-05 11:20:08,28.08,109.56,47.66,88,100,3.06,0.0,0.0,overcast clouds
239,239,Cervo,BR,2020-01-05 11:20:08,-22.19,-46.24,69.73,87,43,5.93,0.0,0.0,scattered clouds
240,240,Rio Cuarto,AR,2020-01-05 11:17:32,-33.13,-64.35,73.4,60,20,10.29,0.0,0.0,few clouds
241,241,Meridian,US,2020-01-05 11:20:08,43.61,-116.39,36.0,80,90,4.7,0.0,0.0,overcast clouds
242,242,Kununurra,AU,2020-01-05 11:20:09,-15.77,128.74,87.8,58,100,8.05,0.0,2.0,light rain
243,243,Rongcheng,CN,2020-01-05 11:20:09,37.16,122.42,42.04,62,98,4.92,0.0,0.0,overcast clouds
244,244,Mareeba,AU,2020-01-05 11:20:09,-16.99,145.42,80.6,74,40,5.82,0.0,0.0,light intensity shower rain
245,245,Khilok,RU,2020-01-05 11:20:09,51.36,110.46,5.97,90,99,2.37,0.0,0.0,overcast clouds
246,246,Calama,CL,2020-01-05 11:20:10,-22.46,-68.93,53.6,81,75,4.7,0.0,0.0,broken clouds
247,247,Umm Kaddadah,SD,2020-01-05 11:20:10,13.6,26.69,74.23,16,0,17.45,0.0,0.0,clear sky
248,248,Clifton,US,2020-01-05 11:20:10,40.86,-74.16,39.99,44,90,14.99,0.0,0.0,overcast clouds
249,249,Karonga,MW,2020-01-05 11:20:10,-9.94,33.93,82.54,64,100,4.76,0.0,0.0,overcast clouds
250,250,Beyneu,KZ,2020-01-05 11:20:11,45.32,55.19,31.86,59,1,3.31,0.0,0.0,clear sky
251,251,La Ronge,CA,2020-01-05 11:20:11,55.1,-105.3,19.4,79,90,18.34,0.0,0.0,light snow
252,252,Santa Cruz,BR,2020-01-05 11:20:11,-6.22,-36.02,87.21,45,89,5.01,0.0,0.0,overcast clouds
253,253,Nevesinje,BA,2020-01-05 11:20:11,43.26,18.11,44.6,36,20,29.97,0.0,0.0,few clouds
254,254,Langarud,IR,2020-01-05 11:20:12,37.2,50.15,53.6,76,75,6.93,0.0,0.0,broken clouds
255,255,Svetlaya,RU,2020-01-05 11:20:12,46.54,138.33,18.81,59,0,16.02,0.0,0.0,clear sky
256,256,Tuatapere,NZ,2020-01-05 11:20:12,-46.13,167.69,48.99,78,71,10.0,0.0,7.94,moderate rain
257,257,Bulgan,MN,2020-01-05 11:20:13,48.81,103.53,2.37,83,0,4.99,0.0,0.0,clear sky
258,258,Kargasok,RU,2020-01-05 11:20:13,59.06,80.87,17.49,93,100,9.86,0.0,0.0,overcast clouds
259,259,Markivka,UA,2020-01-05 11:20:14,49.52,39.57,35.91,98,100,4.09,0.0,1.19,light rain
260,260,Tres Arroyos,AR,2020-01-05 11:20:14,-38.38,-60.28,63.91,89,100,6.4,0.0,0.0,overcast clouds
261,261,Bitkine,TD,2020-01-05 11:20:14,11.98,18.21,90.23,12,0,0.38,0.0,0.0,clear sky
262,262,Bambari,CF,2020-01-05 11:20:14,5.77,20.68,99.55,13,16,5.37,0.0,0.0,few clouds
263,263,Purranque,CL,2020-01-05 11:20:15,-40.91,-73.16,51.8,87,90,4.7,0.0,0.0,overcast clouds
264,264,Peniche,PT,2020-01-05 11:20:15,39.36,-9.38,55.99,76,0,9.17,0.0,0.0,clear sky
265,265,Ust-Ishim,RU,2020-01-05 11:20:15,57.69,71.17,13.68,95,100,7.67,0.0,0.0,overcast clouds
266,266,Fortuna,US,2020-01-05 11:20:15,40.6,-124.16,46.4,100,90,5.82,0.0,0.0,overcast clouds
267,267,Sorong,ID,2020-01-05 11:20:16,-0.86,131.25,75.72,97,65,2.55,0.0,0.31,light rain
268,268,Altay,CN,2020-01-05 11:20:16,47.83,88.13,12.07,56,0,5.32,0.0,0.0,clear sky
269,269,Flinders,AU,2020-01-05 11:20:16,-34.58,150.85,70.0,100,53,6.93,0.0,0.19,light rain
270,270,Hermiston,US,2020-01-05 11:20:16,45.84,-119.29,44.01,59,90,4.7,0.0,0.0,overcast clouds
271,271,Gushikawa,JP,2020-01-05 11:20:16,26.35,127.87,66.2,77,1,5.82,0.0,0.0,clear sky
272,272,Trinidad,BO,2020-01-05 11:20:17,-14.83,-64.9,77.0,94,75,6.93,0.0,0.0,broken clouds
273,273,Feijo,EC,2020-01-05 11:20:17,-3.63,-79.92,77.0,88,90,5.82,0.0,0.0,overcast clouds
274,274,Raichur,IN,2020-01-05 11:20:17,16.2,77.36,83.16,49,50,6.73,0.0,0.0,scattered clouds
275,275,Rumphi,MW,2020-01-05 11:20:17,-11.02,33.86,80.01,60,92,3.29,0.0,1.38,light rain
276,276,Port-Cartier,CA,2020-01-05 11:20:18,50.03,-66.88,17.01,72,75,10.29,0.0,0.0,broken clouds
277,277,Harpanahalli,IN,2020-01-05 11:20:18,14.8,75.98,84.24,39,63,10.07,0.0,0.0,broken clouds
278,278,Nantucket,US,2020-01-05 11:19:22,41.28,-70.1,37.4,86,90,28.86,0.0,0.0,light rain
279,279,Coahuayana,MX,2020-01-05 11:20:18,18.62,-100.35,64.08,56,20,1.36,0.0,0.0,few clouds
280,280,Pouebo,NC,2020-01-05 11:20:19,-20.4,164.57,71.67,83,11,4.34,0.0,0.0,few clouds
281,281,Sao Felix Do Xingu,BR,2020-01-05 11:20:19,-6.64,-51.99,74.91,94,84,2.55,0.0,0.19,light rain
282,282,Sept-Iles,CA,2020-01-05 11:20:19,50.2,-66.38,17.01,72,75,10.29,0.0,0.0,broken clouds
283,283,Zhanaozen,KZ,2020-01-05 11:20:19,43.35,52.85,31.71,49,100,9.26,0.0,0.0,overcast clouds
284,284,Dolores,UY,2020-01-05 11:20:20,-33.53,-58.22,75.0,73,0,4.0,0.0,0.0,clear sky
285,285,Kabompo,ZM,2020-01-05 11:20:20,-13.6,24.21,81.61,58,100,5.46,0.0,0.0,overcast clouds
286,286,Kudahuvadhoo,MV,2020-01-05 11:20:20,2.67,72.89,83.41,75,0,13.8,0.0,0.0,clear sky
287,287,Lubao,CD,2020-01-05 11:20:20,-5.39,25.75,79.81,78,100,4.03,0.0,3.31,moderate rain
288,288,Abakaliki,NG,2020-01-05 11:20:21,6.32,8.11,78.8,31,17,11.41,0.0,0.0,dust
289,289,Sumbe,AO,2020-01-05 11:20:21,-11.2,13.84,84.2,51,75,5.82,0.0,0.0,broken clouds
290,290,Batagay-Alyta,RU,2020-01-05 11:20:21,67.8,130.41,-19.89,76,82,3.58,0.0,0.0,broken clouds
291,291,Beringovskiy,RU,2020-01-05 11:20:22,63.05,179.32,-7.13,75,2,19.08,0.0,0.0,clear sky
292,292,Sioux Lookout,CA,2020-01-05 11:20:22,50.1,-91.92,23.0,92,90,9.17,0.0,0.0,overcast clouds
293,293,Kenora,CA,2020-01-05 11:20:22,49.76,-94.48,24.8,85,100,14.99,1.75,0.0,snow
294,294,Monkey Bay,MW,2020-01-05 11:20:22,-14.08,34.91,78.8,77,100,12.95,0.0,0.44,light rain
295,295,Vurgun,AZ,2020-01-05 11:20:23,41.09,45.47,42.91,49,62,2.73,0.0,0.0,broken clouds
296,296,Severo-Kurilsk,RU,2020-01-05 11:20:23,50.68,156.12,19.02,92,100,9.46,0.94,0.0,light snow
297,297,Matara,BI,2020-01-05 11:20:23,-3.48,29.48,84.2,66,75,2.24,0.0,0.0,broken clouds
298,298,Geraldton,CA,2020-01-05 11:20:23,49.72,-86.95,12.2,85,90,4.7,0.0,0.0,light snow
299,299,Izumo,JP,2020-01-05 11:20:23,35.37,132.75,42.8,93,20,6.93,0.0,0.0,few clouds
300,300,Bahia Blanca,AR,2020-01-05 11:20:24,-38.72,-62.27,68.43,76,35,11.68,0.0,0.0,scattered clouds
301,301,Patrocinio,PH,2020-01-05 11:20:24,13.72,123.64,72.45,91,84,8.9,0.0,1.13,light rain
302,302,Garowe,SO,2020-01-05 11:20:24,8.41,48.48,87.76,32,0,2.35,0.0,0.0,clear sky
303,303,Henties Bay,,2020-01-05 11:20:24,-22.12,14.28,68.0,80,67,3.0,0.0,0.0,broken clouds
304,304,Dhidhdhoo,MV,2020-01-05 11:20:25,6.88,73.1,82.22,76,14,13.94,0.0,0.0,few clouds
305,305,Hambantota,LK,2020-01-05 11:20:25,6.12,81.12,89.6,66,20,11.41,0.0,0.0,few clouds
306,306,Praia,BR,2020-01-05 11:20:25,-20.25,-43.81,69.8,100,90,4.7,0.0,0.0,light intensity drizzle
307,307,Grants,US,2020-01-05 11:20:25,35.15,-107.85,15.8,92,1,3.36,0.0,0.0,clear sky
308,308,Khasan,RU,2020-01-05 11:20:26,42.43,130.64,22.05,66,0,3.27,0.0,0.0,clear sky
309,309,Namibe,AO,2020-01-05 11:20:26,-15.19,12.15,78.8,83,75,5.82,0.0,0.0,broken clouds
310,310,Kahului,US,2020-01-05 11:20:26,20.89,-156.47,73.4,78,20,18.34,0.0,0.0,few clouds
311,311,Berlevag,NO,2020-01-05 11:20:27,70.86,29.09,29.14,70,100,23.91,0.5,0.0,light snow
312,312,Yumen,CN,2020-01-05 11:20:27,40.29,97.04,17.47,63,100,7.56,0.0,0.0,overcast clouds
313,313,Yeppoon,AU,2020-01-05 11:20:27,-23.13,150.74,78.8,69,69,6.93,0.0,0.0,broken clouds
314,314,Bose,IT,2020-01-05 11:20:27,45.46,8.01,55.99,49,0,5.82,0.0,0.0,clear sky
315,315,Belmonte,PT,2020-01-05 11:20:28,40.36,-7.35,64.0,88,0,4.29,0.0,0.0,clear sky
316,316,Pulaski,US,2020-01-05 11:20:28,37.05,-80.78,35.01,79,90,20.8,0.0,0.0,overcast clouds
317,317,Marystown,CA,2020-01-05 11:20:29,47.17,-55.16,32.02,89,100,10.8,0.0,0.0,overcast clouds
318,318,Tilichiki,RU,2020-01-05 11:20:29,60.47,166.1,-8.12,62,53,6.89,0.0,0.0,broken clouds
319,319,Acapulco,MX,2020-01-05 11:20:29,16.86,-99.88,73.4,94,5,3.53,0.0,0.0,clear sky
320,320,Chokurdakh,RU,2020-01-05 11:20:29,70.62,147.9,-19.35,94,0,9.44,0.0,0.0,clear sky
321,321,Lieksa,FI,2020-01-05 11:16:28,63.32,30.02,18.27,83,0,5.41,0.0,0.0,clear sky
322,322,Raudeberg,NO,2020-01-05 11:20:30,61.99,5.14,46.99,93,75,28.86,0.0,0.0,moderate rain
323,323,Keuruu,FI,2020-01-05 11:20:30,62.26,24.71,21.2,73,77,4.7,0.0,0.0,broken clouds
324,324,Portage,US,2020-01-05 11:20:30,41.58,-87.18,27.0,79,90,12.75,0.0,0.0,overcast clouds
325,325,Sao Joao Da Ponte,BR,2020-01-05 11:20:31,-15.93,-44.01,67.73,98,100,6.58,0.0,0.75,light rain
326,326,Cherskiy,RU,2020-01-05 11:20:31,68.75,161.3,-4.74,61,21,7.65,0.0,0.0,few clouds
327,327,Rovaniemi,FI,2020-01-05 11:20:31,66.5,25.72,8.6,84,64,5.82,0.0,0.0,broken clouds
328,328,Coihaique,CL,2020-01-05 11:20:31,-45.58,-72.07,50.0,76,75,5.82,0.0,0.0,broken clouds
329,329,Moscow,RU,2020-01-05 11:17:19,55.75,37.62,36.0,80,75,13.42,0.0,0.0,broken clouds
330,330,Kafr Sawm,JO,2020-01-05 11:20:32,32.68,35.8,50.0,93,90,10.29,0.0,0.0,fog
331,331,Kasongo-Lunda,CD,2020-01-05 11:20:32,-6.48,16.82,84.27,54,92,4.65,0.0,0.5,light rain
332,332,Lesnyye Polyany,RU,2020-01-05 11:20:32,55.97,37.87,36.0,80,75,11.18,0.0,0.0,broken clouds
333,333,Ust-Kan,RU,2020-01-05 11:20:33,50.93,84.77,8.17,82,0,4.14,0.0,0.0,clear sky
334,334,Taoudenni,ML,2020-01-05 11:20:33,22.68,-3.98,71.02,13,0,11.79,0.0,0.0,clear sky
335,335,Portobelo,PA,2020-01-05 11:20:33,9.55,-79.65,77.0,78,20,4.7,0.0,0.0,few clouds
336,336,Charters Towers,AU,2020-01-05 11:20:33,-20.07,146.27,74.35,77,16,17.11,0.0,0.0,few clouds
337,337,Almendralejo,ES,2020-01-05 11:20:34,38.68,-6.41,48.99,100,20,1.12,0.0,0.0,mist
338,338,Tezu,IN,2020-01-05 11:20:34,27.93,96.16,54.14,94,84,4.12,0.0,4.5,moderate rain
339,339,Barguzin,RU,2020-01-05 11:20:34,53.62,109.63,8.19,93,94,1.79,0.0,0.0,overcast clouds
340,340,Toora-Khem,RU,2020-01-05 11:20:34,52.47,96.11,-1.61,92,31,1.77,0.0,0.0,scattered clouds
341,341,Bocana De Paiwas,NI,2020-01-05 11:20:35,12.79,-85.12,65.35,97,3,3.58,0.0,0.0,clear sky
342,342,Micheweni,TZ,2020-01-05 11:20:35,-4.97,39.83,82.44,76,1,8.41,0.0,0.0,clear sky
343,343,Bontang,ID,2020-01-05 11:20:35,0.12,117.47,80.91,79,63,12.53,0.0,0.0,broken clouds
344,344,Ukiah,US,2020-01-05 11:20:35,39.15,-123.21,46.99,80,1,4.76,0.0,0.0,clear sky
345,345,Diffa,NE,2020-01-05 11:20:36,13.32,12.61,76.14,22,0,15.43,0.0,0.0,clear sky
346,346,Walvis Bay,,2020-01-05 11:20:36,-22.95,14.51,71.6,60,12,10.29,0.0,0.0,few clouds
347,347,Faranah,GN,2020-01-05 11:20:36,10.04,-10.74,83.19,10,0,6.38,0.0,0.0,clear sky
348,348,Atambua,ID,2020-01-05 11:20:37,-9.11,124.89,76.12,88,71,1.74,0.0,1.94,light rain
349,349,Codrington,AU,2020-01-05 11:20:37,-28.95,153.24,75.2,83,0,8.05,0.0,0.0,clear sky
350,350,Nouakchott,MR,2020-01-05 11:20:37,18.08,-15.98,66.2,20,1,16.11,0.0,0.0,clear sky
351,351,Port Blair,IN,2020-01-05 11:20:38,11.67,92.75,81.88,75,13,11.27,0.0,0.0,few clouds
352,352,Salihli,TR,2020-01-05 11:20:38,38.48,28.15,48.45,41,100,5.82,0.0,0.0,overcast clouds
353,353,Blind River,CA,2020-01-05 11:20:39,46.19,-82.96,30.2,85,90,4.7,0.0,0.0,light snow
354,354,Fukue,JP,2020-01-05 11:20:42,35.03,136.69,45.0,45,20,23.04,0.0,0.0,few clouds
355,355,Del Rio,US,2020-01-05 11:17:11,29.36,-100.9,44.6,45,1,8.05,0.0,0.0,clear sky
356,356,Nemuro,JP,2020-01-05 11:20:43,43.32,145.57,26.19,63,24,20.74,0.13,0.0,light snow
357,357,Lipari,IT,2020-01-05 11:20:47,38.47,14.95,60.01,62,20,8.05,0.0,0.0,few clouds
358,358,Lasa,CY,2020-01-05 11:20:48,34.92,32.53,62.6,59,75,11.41,0.0,0.0,broken clouds
359,359,La Peca,PE,2020-01-05 11:20:50,-5.61,-78.44,67.15,88,36,1.34,0.0,0.0,scattered clouds
360,360,Lagunas,PE,2020-01-05 11:20:50,-5.23,-75.68,73.9,83,49,2.59,0.0,0.0,scattered clouds
361,361,Boundiali,CI,2020-01-05 11:20:51,9.53,-6.48,86.5,9,0,5.73,0.0,0.0,clear sky
362,362,Dingle,PH,2020-01-05 11:20:51,11.0,122.67,73.65,92,8,11.18,0.0,0.5,light rain
363,363,Wattegama,LK,2020-01-05 11:20:51,7.35,80.68,81.23,62,0,4.72,0.0,0.0,clear sky
364,364,Quatre Cocos,MU,2020-01-05 11:20:51,-20.21,57.76,80.6,83,75,8.05,0.0,0.0,broken clouds
365,365,Waipawa,NZ,2020-01-05 11:20:52,-39.94,176.59,61.0,82,59,8.01,0.0,0.0,broken clouds
366,366,Tingi,TZ,2020-01-05 11:20:52,-11.3,35.03,76.15,80,100,2.06,0.0,0.88,light rain
367,367,Plettenberg Bay,ZA,2020-01-05 11:20:52,-34.05,23.37,70.39,69,62,8.12,0.0,0.0,broken clouds
368,368,Tefe,BR,2020-01-05 11:20:52,-3.35,-64.71,78.8,94,97,4.7,0.0,0.0,overcast clouds
369,369,Portland,US,2020-01-05 11:18:37,43.66,-70.25,34.0,86,100,9.17,0.0,0.0,light rain
370,370,Lampazos De Naranjo,MX,2020-01-05 11:20:54,27.02,-100.51,52.65,50,0,7.0,0.0,0.0,clear sky
371,371,Santa Cruz De Tenerife,ES,2020-01-05 11:17:23,28.47,-16.25,70.0,72,40,2.24,0.0,0.0,scattered clouds
372,372,Neiafu,TO,2020-01-05 11:20:55,-18.65,-173.98,79.41,80,0,15.73,0.0,0.0,clear sky
373,373,Kalaikunda,IN,2020-01-05 11:20:55,22.35,87.25,70.32,50,40,5.1,0.0,0.0,scattered clouds
374,374,Rotnes,NO,2020-01-05 11:20:55,60.05,10.88,33.01,92,75,8.05,0.0,0.0,light shower snow
375,375,Tiznit,MA,2020-01-05 11:20:55,29.7,-9.73,59.86,26,0,4.05,0.0,0.0,clear sky
376,376,Dovers,VC,2020-01-05 11:20:56,12.88,-61.18,75.2,94,75,2.24,0.0,0.0,light intensity shower rain
377,377,Umm Lajj,SA,2020-01-05 11:20:56,25.02,37.27,67.93,22,11,12.35,0.0,0.0,few clouds
378,378,Klaksvik,FO,2020-01-05 11:20:56,62.23,-6.59,46.4,87,50,6.93,0.0,0.0,scattered clouds
379,379,Zagora,BA,2020-01-05 11:20:56,42.81,18.2,48.2,36,20,29.97,0.0,0.0,few clouds
380,380,Houston,US,2020-01-05 11:19:37,29.76,-95.37,50.0,87,1,3.36,0.0,0.0,fog
381,381,Melfort,CA,2020-01-05 11:20:57,52.87,-104.61,23.0,73,1,19.46,0.0,0.0,clear sky
382,382,Hobyo,SO,2020-01-05 11:20:57,5.35,48.53,84.47,65,84,16.15,0.0,0.0,broken clouds
383,383,Port-Gentil,GA,2020-01-05 11:20:57,-0.72,8.78,87.8,74,40,5.82,0.0,0.0,scattered clouds
384,384,Vardo,US,2020-01-05 11:20:58,39.62,-77.74,37.0,55,90,29.97,0.0,0.0,overcast clouds
385,385,Tambacounda,SN,2020-01-05 11:20:58,13.77,-13.67,75.2,11,6,16.11,0.0,0.0,clear sky
386,386,Avera,US,2020-01-05 11:20:59,33.19,-82.53,37.99,74,1,8.05,0.0,0.0,clear sky
387,387,Varhaug,NO,2020-01-05 11:21:00,58.61,5.65,46.4,93,90,14.99,0.0,0.0,light intensity drizzle rain
388,388,Islamkot,PK,2020-01-05 11:21:00,24.7,70.18,73.69,35,0,7.05,0.0,0.0,clear sky
389,389,San Ramon De La Nueva Oran,AR,2020-01-05 11:21:00,-23.13,-64.33,78.01,77,86,1.16,0.0,0.0,overcast clouds
390,390,Chirongui,YT,2020-01-05 11:21:00,-12.93,45.15,87.8,70,20,12.75,0.0,0.0,few clouds
391,391,Sussex,CA,2020-01-05 11:21:01,45.72,-65.51,30.99,100,90,9.17,0.0,0.0,light snow
392,392,Akcakoca,TR,2020-01-05 11:21:01,41.09,31.12,44.44,56,100,2.37,0.0,0.0,overcast clouds
393,393,Mangalia,RO,2020-01-05 11:21:01,43.8,28.58,36.0,93,90,18.34,0.0,0.0,overcast clouds
394,394,Ranaghat,IN,2020-01-05 11:21:01,23.17,88.56,64.4,93,75,3.36,0.0,0.0,haze
395,395,Shingu,JP,2020-01-05 11:21:02,33.72,135.99,44.6,48,40,13.87,0.0,0.0,scattered clouds
396,396,Maltahohe,,2020-01-05 11:21:02,-24.83,16.98,92.3,13,20,6.67,0.0,0.0,few clouds
397,397,Medea,DZ,2020-01-05 11:21:03,36.27,2.77,57.2,62,20,3.36,0.0,0.0,few clouds
398,398,Luau,CD,2020-01-05 11:21:03,-10.7,22.23,78.62,65,100,4.7,0.0,0.0,overcast clouds
399,399,Pitsunda,GE,2020-01-05 11:21:03,43.16,40.34,50.0,66,90,4.47,0.0,0.0,overcast clouds
400,400,Antalaha,MG,2020-01-05 11:21:04,-14.9,50.28,83.12,76,95,17.92,0.0,6.5,moderate rain
401,401,Kolondieba,ML,2020-01-05 11:21:04,11.09,-6.89,83.12,9,0,6.6,0.0,0.0,clear sky
402,402,Jhawarian,PK,2020-01-05 11:21:04,32.36,72.63,55.83,51,100,5.03,0.0,0.0,overcast clouds
403,403,Ayr,AU,2020-01-05 11:21:04,-19.58,147.4,79.0,79,4,3.0,0.0,0.0,clear sky
404,404,Itarema,BR,2020-01-05 11:21:05,-2.92,-39.92,84.58,62,100,8.1,0.0,0.0,overcast clouds
405,405,Ouesso,CG,2020-01-05 11:21:05,1.61,16.05,100.87,13,99,0.72,0.0,0.0,overcast clouds
406,406,Evensk,RU,2020-01-05 11:21:05,61.92,159.24,1.54,43,35,4.23,0.0,0.0,scattered clouds
407,407,Zheshart,RU,2020-01-05 11:21:05,62.09,49.59,20.71,97,87,4.74,0.0,0.0,overcast clouds
408,408,Marsh Harbour,BS,2020-01-05 11:21:06,26.54,-77.06,69.39,70,81,28.19,0.0,0.0,broken clouds
409,409,Mahon,IE,2020-01-05 11:21:07,51.89,-8.4,50.0,93,75,13.87,0.0,0.0,light rain
410,410,Husavik,CA,2020-01-05 11:21:08,50.56,-96.99,26.01,90,100,10.0,0.81,0.0,light snow
411,411,Orlik,PL,2020-01-05 11:21:08,53.95,17.74,42.01,74,20,11.41,0.0,0.0,few clouds
412,412,Igbo Ora,NG,2020-01-05 11:21:08,7.43,3.28,95.97,13,72,4.74,0.0,0.0,broken clouds
413,413,Cedar City,US,2020-01-05 11:21:08,37.68,-113.06,28.4,68,1,6.93,0.0,0.0,clear sky
414,414,Erdenet,MN,2020-01-05 11:21:09,49.03,104.04,1.22,83,0,4.81,0.0,0.0,clear sky
415,415,La Orilla,MX,2020-01-05 11:21:09,18.0,-102.23,68.74,58,0,6.73,0.0,0.0,clear sky
416,416,Hasaki,JP,2020-01-05 11:21:09,35.73,140.83,39.2,51,20,5.82,0.0,0.0,few clouds
417,417,Sibolga,ID,2020-01-05 11:21:10,1.74,98.78,74.59,95,21,1.25,0.0,2.31,light rain
418,418,Comodoro Rivadavia,AR,2020-01-05 11:21:10,-45.87,-67.48,62.6,42,100,13.87,0.0,0.0,overcast clouds
419,419,Vao,EE,2020-01-05 11:21:10,59.1,26.19,29.19,73,97,6.46,0.0,0.0,overcast clouds
420,420,Grindavik,IS,2020-01-05 11:21:11,63.84,-22.43,37.4,64,75,31.09,0.0,0.0,shower rain
421,421,Cuamba,MZ,2020-01-05 11:21:11,-14.8,36.54,73.15,88,100,1.54,0.0,0.5,light rain
422,422,Beauceville,CA,2020-01-05 11:21:11,46.21,-70.77,26.01,92,100,6.53,0.5,0.0,light snow
423,423,Luganville,VU,2020-01-05 11:21:11,-15.51,167.18,73.94,96,41,3.27,0.0,0.5,light rain
424,424,Samarkand,UZ,2020-01-05 11:21:11,39.65,66.98,46.4,45,100,9.17,0.0,0.0,overcast clouds
425,425,Hornepayne,CA,2020-01-05 11:21:12,49.22,-84.78,4.06,95,93,4.18,0.0,0.0,overcast clouds
426,426,Herrin,US,2020-01-05 11:21:13,37.8,-89.03,28.4,92,1,4.7,0.0,0.0,clear sky
427,427,Ormara,PK,2020-01-05 11:21:14,25.21,64.64,73.09,73,99,5.32,0.0,0.25,light rain
428,428,Pangnirtung,CA,2020-01-05 11:21:14,66.15,-65.72,-41.87,97,100,8.46,0.0,0.0,overcast clouds
429,429,Abha,SA,2020-01-05 11:21:14,18.22,42.5,68.0,59,40,14.99,0.0,0.0,scattered clouds
430,430,Pacific Grove,US,2020-01-05 11:21:14,36.62,-121.92,52.0,87,75,4.7,0.0,0.0,broken clouds
431,431,Lorengau,PG,2020-01-05 11:21:15,-2.02,147.27,83.7,76,85,12.55,0.0,2.25,light rain
432,432,Lappeenranta,FI,2020-01-05 11:21:15,61.06,28.19,25.0,58,41,9.17,0.0,0.0,scattered clouds
433,433,Marsa Matruh,EG,2020-01-05 11:21:15,31.35,27.25,60.8,70,45,21.27,0.0,0.19,light rain
434,434,Bandarbeyla,SO,2020-01-05 11:21:15,9.49,50.81,78.44,77,0,11.41,0.0,0.0,clear sky
435,435,Tabas,IR,2020-01-05 11:21:16,33.6,56.92,60.8,48,2,2.24,0.0,0.0,clear sky
436,436,Nicoya,CR,2020-01-05 11:21:16,10.15,-85.45,72.0,9,4,6.89,0.0,0.0,clear sky
437,437,Hyeres,FR,2020-01-05 11:21:16,43.12,6.14,64.0,54,0,11.18,0.0,0.0,clear sky
438,438,Port Hardy,CA,2020-01-05 11:21:17,50.7,-127.42,41.0,86,90,18.34,0.0,0.0,light intensity shower rain
439,439,Porto Walter,BR,2020-01-05 11:21:17,-8.27,-72.74,75.76,82,81,2.33,0.0,0.0,broken clouds
440,440,La Libertad,PE,2020-01-05 11:21:17,-16.38,-71.56,51.8,87,75,5.82,0.0,0.0,broken clouds
441,441,Soubre,CI,2020-01-05 11:21:17,5.79,-6.61,92.82,11,0,3.69,0.0,0.0,clear sky
442,442,Churapcha,RU,2020-01-05 11:21:17,62.0,132.43,-8.99,98,99,5.5,0.13,0.0,light snow
443,443,Rawson,AR,2020-01-05 11:18:55,-43.3,-65.11,61.61,77,100,0.56,0.0,0.0,overcast clouds
444,444,Akrata,GR,2020-01-05 11:21:18,38.15,22.32,55.99,40,99,3.0,0.0,5.75,moderate rain
445,445,Biak,ID,2020-01-05 11:21:18,-0.91,122.88,80.64,78,100,10.25,0.0,0.0,overcast clouds
446,446,Maroantsetra,MG,2020-01-05 11:21:18,-15.43,49.74,76.82,91,75,3.42,0.0,5.06,moderate rain
447,447,Mopti,ML,2020-01-05 11:21:19,14.49,-4.19,80.1,10,16,13.65,0.0,0.0,few clouds
448,448,Palakkad,IN,2020-01-05 11:21:19,10.77,76.65,89.6,43,40,6.93,0.0,0.0,scattered clouds
449,449,Burglengenfeld,DE,2020-01-05 11:21:19,49.21,12.04,39.99,74,90,3.36,0.0,0.0,overcast clouds
450,450,Maloh,PH,2020-01-05 11:21:19,9.06,122.99,80.62,77,0,14.94,0.0,0.0,clear sky
451,451,Kiunga,PG,2020-01-05 11:21:20,-6.12,141.3,75.7,98,97,1.61,0.0,10.19,moderate rain
452,452,Sao Joao Da Barra,BR,2020-01-05 11:21:20,-21.64,-41.05,82.4,78,75,9.17,0.0,0.0,broken clouds
453,453,Krk,HR,2020-01-05 11:21:20,45.03,14.57,48.0,45,20,14.99,0.0,0.0,few clouds
454,454,Beloha,MG,2020-01-05 11:21:21,-25.17,45.06,92.79,40,0,20.07,0.0,0.0,clear sky
455,455,Kabinda,CD,2020-01-05 11:21:21,-6.14,24.49,78.73,76,100,3.33,0.0,6.13,moderate rain
456,456,Mazatlan,MX,2020-01-05 11:19:53,23.22,-106.42,60.01,100,20,4.7,0.0,0.0,few clouds
457,457,San Jose,HN,2020-01-05 11:21:21,14.25,-87.96,60.22,85,29,8.25,0.0,0.0,scattered clouds
458,458,Kang,BW,2020-01-05 11:21:22,-23.67,22.79,91.89,26,52,4.7,0.0,0.0,broken clouds
459,459,The Valley,AI,2020-01-05 11:20:04,18.22,-63.06,78.01,69,40,9.17,0.0,0.0,scattered clouds
460,460,Saint-Joseph,FR,2020-01-05 11:21:22,43.56,6.97,60.01,62,0,10.85,0.0,0.0,clear sky
461,461,Marzuq,YE,2020-01-05 11:21:22,14.4,46.47,85.98,22,0,12.08,0.0,0.0,clear sky
462,462,Victor Harbor,AU,2020-01-05 11:21:23,-35.55,138.62,63.0,51,100,8.05,0.0,0.0,overcast clouds
463,463,Moyale,ET,2020-01-05 11:21:23,3.52,39.05,84.33,39,48,4.9,0.0,0.0,scattered clouds
464,464,Sola,TZ,2020-01-05 11:21:23,-3.17,33.8,82.4,42,31,8.37,0.0,0.0,scattered clouds
465,465,Sayyan,YE,2020-01-05 11:21:24,15.17,44.32,73.08,27,0,14.18,0.0,0.0,clear sky
466,466,Harper,US,2020-01-05 11:21:24,30.3,-99.24,48.0,45,1,9.17,0.0,0.0,clear sky
467,467,Big Rapids,US,2020-01-05 11:19:03,43.7,-85.48,30.99,85,40,6.89,0.0,0.0,scattered clouds
468,468,Nelson Bay,AU,2020-01-05 11:21:25,-32.72,152.14,71.01,77,90,17.22,0.0,0.0,overcast clouds
469,469,Bressanone,IT,2020-01-05 11:21:25,46.72,11.66,53.6,22,0,3.36,0.0,0.0,clear sky
470,470,Alice Springs,AU,2020-01-05 11:21:25,-23.7,133.88,75.2,50,88,16.11,0.0,0.0,overcast clouds
471,471,Namatanai,PG,2020-01-05 11:21:25,-3.66,152.44,84.65,73,100,10.07,0.0,2.0,light rain
472,472,Kirakira,SB,2020-01-05 11:21:26,-10.46,161.92,78.55,89,91,8.7,0.0,0.44,light rain
473,473,Tottori,JP,2020-01-05 11:21:26,35.5,134.23,48.2,57,40,13.87,0.0,0.0,scattered clouds
474,474,Huron,US,2020-01-05 11:21:26,44.36,-98.21,41.0,64,1,33.33,0.0,0.0,clear sky
475,475,Los Zacatones,MX,2020-01-05 11:21:26,22.95,-102.05,32.0,53,5,5.21,0.0,0.0,clear sky
476,476,Ust-Nera,RU,2020-01-05 11:21:27,64.57,143.24,-21.06,100,5,0.69,0.0,0.0,clear sky
477,477,Talcahuano,CL,2020-01-05 11:21:27,-36.72,-73.12,55.4,71,1,8.05,0.0,0.0,clear sky
478,478,Contamana,PE,2020-01-05 11:21:27,-7.35,-75.01,77.74,75,34,3.85,0.0,0.0,scattered clouds
479,479,Payo,ID,2020-01-05 11:21:27,-3.75,103.64,71.04,96,54,0.92,0.0,2.31,light rain
480,480,Montepuez,MZ,2020-01-05 11:21:27,-13.13,39.0,83.86,74,51,5.99,0.0,1.38,light rain
481,481,Petropavlovsk-Kamchatskiy,RU,2020-01-05 11:21:28,53.05,158.65,32.0,75,20,8.95,0.0,0.0,few clouds
482,482,Arden,DK,2020-01-05 11:21:28,56.77,9.86,43.0,100,75,9.17,0.0,0.0,light intensity drizzle
483,483,Kauhajoki,FI,2020-01-05 11:21:28,62.43,22.18,25.0,68,83,4.7,0.0,0.0,broken clouds
484,484,Vanimo,PG,2020-01-05 11:21:28,-2.67,141.3,83.93,80,100,17.31,0.0,0.0,overcast clouds
485,485,Lomovka,RU,2020-01-05 11:21:29,53.92,58.37,26.6,73,40,8.95,0.0,0.0,scattered clouds
486,486,Krutinka,RU,2020-01-05 11:21:29,56.01,71.51,11.73,94,97,10.47,0.0,0.0,overcast clouds
487,487,Maningrida,AU,2020-01-05 11:21:29,-12.05,134.23,82.83,74,100,5.08,0.0,0.0,overcast clouds
488,488,Pokosnoye,RU,2020-01-05 11:21:29,55.53,101.05,11.14,96,34,6.35,0.0,0.0,scattered clouds
489,489,Liverpool,GB,2020-01-05 11:19:42,53.41,-2.98,51.01,93,75,4.7,0.0,0.0,broken clouds
490,490,Liberal,US,2020-01-05 11:21:30,37.04,-100.92,44.01,64,1,13.87,0.0,0.0,clear sky
491,491,Ossora,RU,2020-01-05 11:21:30,59.24,163.07,11.01,94,56,3.56,0.0,0.0,broken clouds
492,492,Yunyang,CN,2020-01-05 11:21:30,32.84,110.81,42.01,69,100,5.01,0.0,1.0,light rain
493,493,Aasiaat,GL,2020-01-05 11:21:30,68.71,-52.87,10.0,91,100,13.51,0.13,0.0,light snow
494,494,Manali,IN,2020-01-05 11:21:31,32.25,77.19,30.56,54,97,1.95,0.0,0.0,overcast clouds
495,495,Kenai,US,2020-01-05 11:21:31,60.55,-151.26,-4.0,75,1,4.7,0.0,0.0,clear sky
496,496,Betare Oya,CM,2020-01-05 11:21:31,5.6,14.08,100.85,14,13,3.78,0.0,0.0,few clouds
497,497,Vila Velha,BR,2020-01-05 11:21:31,-3.71,-38.6,86.0,70,40,6.93,0.0,0.0,scattered clouds
498,498,Houma,CN,2020-01-05 11:21:32,35.63,111.36,34.77,98,100,4.63,0.0,1.81,light rain
499,499,Galesong,ID,2020-01-05 11:21:32,-5.32,119.37,75.2,100,20,3.36,0.0,0.0,few clouds
500,500,Bagh,PK,2020-01-05 11:21:32,33.98,73.78,30.52,58,100,3.09,0.0,0.0,overcast clouds
501,501,Svarstad,NO,2020-01-05 11:21:32,59.4,9.97,33.8,100,75,12.75,0.0,0.0,broken clouds
502,502,Kloulklubed,PW,2020-01-05 11:21:33,7.04,134.26,81.59,83,100,21.52,0.0,2.44,light rain
503,503,Nakatsugawa,JP,2020-01-05 11:21:33,35.49,137.5,41.0,59,0,3.38,0.0,0.0,clear sky
504,504,Marica,BR,2020-01-05 11:21:33,-22.92,-42.82,80.6,88,20,10.29,0.0,0.0,mist
505,505,Fort Nelson,CA,2020-01-05 11:21:33,58.81,-122.69,-20.2,75,75,3.36,0.0,0.0,broken clouds
506,506,Hollola,FI,2020-01-05 11:21:34,60.99,25.5,30.0,79,47,5.01,0.0,0.0,scattered clouds
507,507,San Policarpo,PH,2020-01-05 11:21:34,12.18,125.51,79.86,84,24,22.88,0.0,3.38,moderate rain
508,508,Puerto Narino,CO,2020-01-05 11:21:34,-3.77,-70.38,75.2,100,40,6.93,0.0,0.0,scattered clouds
509,509,Maragogi,BR,2020-01-05 11:19:03,-9.01,-35.22,80.04,73,96,8.93,0.0,0.0,overcast clouds
510,510,Danville,US,2020-01-05 11:21:35,37.82,-122.0,50.0,87,1,3.36,0.0,0.0,clear sky
511,511,Caala,AO,2020-01-05 11:21:35,-12.85,15.56,71.6,78,75,3.89,0.0,0.0,broken clouds
512,512,Tselinnoye,UA,2020-01-05 11:21:35,45.9,34.18,41.67,75,100,4.76,0.0,0.0,overcast clouds
513,513,Qaqortoq,GL,2020-01-05 11:21:36,60.72,-46.03,24.8,68,62,5.82,0.0,0.0,broken clouds
514,514,Erbaa,TR,2020-01-05 11:21:36,40.67,36.56,55.4,35,26,2.24,0.0,0.0,scattered clouds
515,515,Ambon,FR,2020-01-05 11:21:36,47.55,-2.56,46.0,87,90,2.24,0.0,0.0,mist
516,516,Mogadouro,PT,2020-01-05 11:21:36,41.34,-6.71,46.56,60,0,5.44,0.0,0.0,clear sky
517,517,Pundaguitan,PH,2020-01-05 11:21:37,6.37,126.17,81.3,74,0,3.87,0.0,0.0,clear sky
518,518,Ojinaga,US,2020-01-05 11:21:37,29.56,-104.41,37.4,64,1,4.7,0.0,0.0,clear sky
519,519,Nioro,GM,2020-01-05 11:21:37,13.79,-15.05,83.28,7,0,14.76,0.0,0.0,clear sky
520,520,Halifax,CA,2020-01-05 11:21:28,44.65,-63.58,35.01,95,90,12.75,0.0,0.0,light snow
521,521,Yanam,IN,2020-01-05 11:21:38,16.73,82.22,80.6,74,40,11.41,0.0,0.0,scattered clouds
522,522,Maumere,ID,2020-01-05 11:21:38,-8.63,122.22,78.53,87,100,13.13,0.0,1.0,light rain
523,523,Ampanihy,MG,2020-01-05 11:21:38,-24.69,44.75,97.7,21,0,4.85,0.0,0.0,clear sky
524,524,Leeuwarden,NL,2020-01-05 11:21:38,53.2,5.79,46.4,100,90,10.29,0.0,0.0,mist
525,525,Ranong,TH,2020-01-05 11:21:39,9.96,98.62,87.8,55,20,9.17,0.0,0.0,few clouds
526,526,Mehran,IR,2020-01-05 11:21:39,33.12,46.17,46.4,49,75,4.7,0.0,0.0,broken clouds
527,527,Egvekinot,RU,2020-01-05 11:21:39,66.32,-179.17,-13.11,74,0,12.33,0.0,0.0,clear sky
528,528,Xuddur,SO,2020-01-05 11:21:39,4.12,43.89,92.34,31,0,8.52,0.0,0.0,clear sky
529,529,Horsham,AU,2020-01-05 11:21:40,-36.71,142.2,61.43,37,100,12.82,0.0,0.0,overcast clouds
530,530,Ikom,NG,2020-01-05 11:21:40,5.96,8.72,98.31,20,16,3.29,0.0,0.0,few clouds
531,531,Svetlogorsk,RU,2020-01-05 11:21:40,53.14,59.15,26.6,73,40,8.95,0.0,0.0,scattered clouds
532,532,Deputatskiy,RU,2020-01-05 11:21:40,69.3,139.9,-14.44,79,6,3.49,0.0,0.0,clear sky
533,533,Bathsheba,BB,2020-01-05 11:21:41,13.22,-59.52,75.2,78,40,6.93,0.0,0.0,scattered clouds
534,534,Dolni Bousov,CZ,2020-01-05 11:21:41,50.44,15.13,41.0,64,20,8.05,0.0,0.0,few clouds
535,535,Hofn,IS,2020-01-05 11:21:41,64.25,-15.21,43.77,66,63,38.79,0.0,0.5,light rain
536,536,Yantal,RU,2020-01-05 11:21:42,56.85,105.25,5.65,94,46,5.5,0.0,0.0,scattered clouds
537,537,Takoradi,GH,2020-01-05 11:21:42,4.89,-1.75,87.53,25,54,6.93,0.0,0.0,broken clouds
538,538,Saint-Felicien,CA,2020-01-05 11:21:42,48.65,-72.45,12.0,72,90,21.92,0.0,0.0,light snow
539,539,Broome,GB,2020-01-05 11:21:42,52.47,1.45,46.4,81,75,8.05,0.0,0.0,broken clouds
540,540,Altamira,BR,2020-01-05 11:21:43,-3.2,-52.21,75.2,94,75,3.36,0.0,0.0,broken clouds
541,541,Gilgit,PK,2020-01-05 11:21:43,35.92,74.31,4.93,62,52,4.52,0.0,0.0,broken clouds
542,542,Myre,SE,2020-01-05 11:21:43,62.25,17.37,30.99,92,100,2.24,0.0,0.0,overcast clouds
543,543,Ferme-Neuve,CA,2020-01-05 11:21:43,46.7,-75.45,11.89,86,99,6.93,0.0,0.0,overcast clouds
544,544,Akcaabat,TR,2020-01-05 11:21:43,41.02,39.57,50.0,76,40,4.7,0.0,0.0,scattered clouds
545,545,Longyearbyen,NO,2020-01-05 11:21:44,78.22,15.63,-0.4,77,20,1.12,0.0,0.0,few clouds
546,546,Coquimbo,CL,2020-01-05 11:20:19,-29.95,-71.34,59.0,100,90,9.17,0.0,0.0,drizzle
547,547,Moshenskoye,RU,2020-01-05 11:21:44,58.52,34.59,29.3,93,93,8.75,0.31,0.0,light snow
548,548,Oistins,BB,2020-01-05 11:21:45,13.07,-59.53,75.2,78,40,6.93,0.0,0.0,scattered clouds
549,549,Naliya,IN,2020-01-05 11:21:45,23.26,68.83,76.33,30,0,7.38,0.0,0.0,clear sky
550,550,Padang,ID,2020-01-05 11:21:46,-0.92,100.36,71.49,95,83,1.32,0.0,1.44,light rain
551,551,Ourossogui,SN,2020-01-05 11:21:46,15.61,-13.32,75.2,19,0,6.93,0.0,0.0,dust
552,552,Marion,US,2020-01-05 11:21:46,35.21,-90.2,34.0,87,1,5.82,0.0,0.0,clear sky
553,553,Khuzhir,RU,2020-01-05 11:21:47,53.19,107.35,24.06,88,93,6.76,0.0,0.0,overcast clouds
554,554,Chernyshkovskiy,RU,2020-01-05 11:21:47,48.42,42.23,35.74,75,49,7.92,0.0,0.0,scattered clouds
555,555,Xiaoweizhai,CN,2020-01-05 11:21:47,26.23,107.51,57.58,95,100,8.72,0.0,0.13,light rain
556,556,Karratha,AU,2020-01-05 11:21:48,-20.74,116.85,85.28,72,95,17.13,0.0,0.63,light rain
557,557,Kytmanovo,RU,2020-01-05 11:21:48,53.46,85.45,23.59,87,100,6.69,0.0,0.0,overcast clouds
558,558,Nabire,ID,2020-01-05 11:21:48,-3.36,135.5,75.0,95,75,1.32,0.0,0.0,broken clouds
559,559,Oroville,US,2020-01-05 11:21:48,39.51,-121.56,46.4,87,40,5.82,0.0,0.0,mist
560,560,Durango,MX,2020-01-05 11:21:49,24.02,-104.67,36.0,85,5,1.3,0.0,0.0,clear sky
561,561,Iqaluit,CA,2020-01-05 11:21:49,63.75,-68.52,-32.01,66,20,13.87,0.0,0.0,few clouds
562,562,Westport,US,2020-01-05 11:21:49,41.14,-73.36,39.2,59,90,13.87,0.0,0.0,overcast clouds
563,563,Bimbo,CF,2020-01-05 11:21:50,4.33,18.53,80.6,28,17,4.7,0.0,0.0,haze
564,564,Rio Gallegos,AR,2020-01-05 11:21:50,-51.62,-69.22,53.6,54,40,11.41,0.0,0.0,scattered clouds
565,565,Roebourne,AU,2020-01-05 11:21:50,-20.77,117.15,85.53,59,84,14.18,0.0,0.0,broken clouds
566,566,Reshetylivka,UA,2020-01-05 11:21:50,49.56,34.08,34.61,85,100,5.7,0.0,0.0,overcast clouds
